<?xml version="1.0"?>
<doc>
    <assembly>
        <name>DotNetKml22Library</name>
    </assembly>
    <members>
        <member name="T:DotNetKml22Library.AbstractView">
            <summary>
            This is an abstract element and cannot be used directly in a KML file.
            This element is extended by the <see cref="T:DotNetKml22Library.Camera"/> and 
            <see cref="T:DotNetKml22Library.LookAt"/> elements.
            </summary>
        </member>
        <member name="T:DotNetKml22Library.Object">
            <summary>
            This is an abstract base class and cannot be used directly in a KML file. It 
            provides the id attribute, which allows unique identification of a KML element, 
            and the targetId attribute, which is used to reference objects that have 
            already been loaded into Google Earth.
            </summary>
        </member>
        <member name="M:DotNetKml22Library.Object.WriteStartElement(System.Xml.XmlWriter,System.String)">
            <summary>
            Writes the start element and adds the id and targetId attributes.
            </summary>
            <param name="writer"></param>
            <param name="elementName"></param>
        </member>
        <member name="M:DotNetKml22Library.Object.WriteTo(System.Xml.XmlWriter)">
            <summary>
            Write this object to <paramref name="writer"/>.
            </summary>
            <param name="writer">A <see cref="T:System.Xml.XmlWriter"/> to write this object.</param>
        </member>
        <member name="P:DotNetKml22Library.Object.DefaultColor">
            <summary>
            Always returns White.
            </summary>
        </member>
        <member name="P:DotNetKml22Library.Object.Id">
            <summary>
            Gets or sets the id attribute, which allows unique identification 
            of a KML element.
            </summary>
        </member>
        <member name="P:DotNetKml22Library.Object.TargetId">
            <summary>
            Gets or sets the targetId attribute, which is used to reference objects 
            that have already been loaded into Google Earth. The id attribute must 
            be assigned if the <see cref="!:Update"/> mechanism is to be used. 
            </summary>
        </member>
        <member name="T:DotNetKml22Library.AltitudeMode">
            <summary>
            Specifies how altitude components in the (coordinates) element are interpreted.
            </summary>
        </member>
        <member name="F:DotNetKml22Library.AltitudeMode.ClampToGround">
            <summary>
            (default) Indicates to ignore an altitude specification.
            </summary>
        </member>
        <member name="F:DotNetKml22Library.AltitudeMode.RelativeToGround">
            <summary>
            Sets the altitude of the element relative to the actual ground elevation 
            of a particular location. For example, if the ground elevation of a location 
            is exactly at sea level and the altitude for a point is set to 9 meters, then 
            the elevation for the icon of a point placemark elevation is 9 meters with this
            mode. However, if the same coordinate is set over a location where the ground 
            elevation is 10 meters above sea level, then the elevation of the coordinate is 
            19 meters. A typical use of this mode is for placing telephone poles or a ski lift.
            </summary>
        </member>
        <member name="F:DotNetKml22Library.AltitudeMode.Absolute">
            <summary>
            Sets the altitude of the coordinate relative to sea level, regardless of the 
            actual elevation of the terrain beneath the element. For example, if you set the
            altitude of a coordinate to 10 meters with an absolute altitude mode, the icon 
            of a point placemark will appear to be at ground level if the terrain beneath 
            is also 10 meters above sea level. If the terrain is 3 meters above sea level, 
            the placemark will appear elevated above the terrain by 7 meters. A typical use 
            of this mode is for aircraft placement.
            </summary>
        </member>
        <member name="T:DotNetKml22Library.Angle180">
            <summary>
            An angle value ≥ −180 and ≤ 180.
            </summary>
        </member>
        <member name="M:DotNetKml22Library.Angle180.#ctor(System.Double)">
            <summary>
            Initialize a new instance of the <see cref="T:DotNetKml22Library.Angle180"/> struct with
            a value of <paramref name="value"/>.
            </summary>
            <param name="value">The value to assign.</param>
        </member>
        <member name="M:DotNetKml22Library.Angle180.ToString">
            <summary>
            Returns <see cref="P:DotNetKml22Library.Angle180.Value"/> as a <see cref="T:System.String"/>.
            </summary>
            <returns><see cref="P:DotNetKml22Library.Angle180.Value"/> as a <see cref="T:System.String"/>.</returns>
        </member>
        <member name="P:DotNetKml22Library.Angle180.Value">
            <summary>
            Gets or sets <see cref="P:DotNetKml22Library.Angle180.Value"/>.  If <see cref="P:DotNetKml22Library.Angle180.Value"/> is outside the valid range,
            an <see cref="T:System.ArgumentOutOfRangeException"/> is raised.
            </summary>
        </member>
        <member name="T:DotNetKml22Library.Angle360">
            <summary>
            An angle value ≥−360 and ≤360.
            </summary>
        </member>
        <member name="M:DotNetKml22Library.Angle360.#ctor(System.Double)">
            <summary>
            Initialize a new instance of the <see cref="T:DotNetKml22Library.Angle360"/> struct with
            a value of <paramref name="value"/>.
            </summary>
            <param name="value">The value to assign.</param>
        </member>
        <member name="M:DotNetKml22Library.Angle360.ToString">
            <summary>
            Returns <see cref="P:DotNetKml22Library.Angle360.Value"/> as a <see cref="T:System.String"/>.
            </summary>
            <returns><see cref="P:DotNetKml22Library.Angle360.Value"/> as a <see cref="T:System.String"/>.</returns>
        </member>
        <member name="P:DotNetKml22Library.Angle360.Value">
            <summary>
            Gets or sets <see cref="P:DotNetKml22Library.Angle360.Value"/>.  If <see cref="P:DotNetKml22Library.Angle360.Value"/> is outside the valid range,
            an <see cref="T:System.ArgumentOutOfRangeException"/> is raised.
            </summary>
        </member>
        <member name="T:DotNetKml22Library.Angle90">
            <summary>
            An angle value ≥−90 and ≤90.
            </summary>
        </member>
        <member name="M:DotNetKml22Library.Angle90.#ctor(System.Double)">
            <summary>
            Initialize a new instance of the <see cref="T:DotNetKml22Library.Angle90"/> struct with
            a value of <paramref name="value"/>.
            </summary>
            <param name="value">The value to assign.</param>
        </member>
        <member name="M:DotNetKml22Library.Angle90.ToString">
            <summary>
            Returns <see cref="P:DotNetKml22Library.Angle90.Value"/> as a <see cref="T:System.String"/>.
            </summary>
            <returns><see cref="P:DotNetKml22Library.Angle90.Value"/> as a <see cref="T:System.String"/>.</returns>
        </member>
        <member name="P:DotNetKml22Library.Angle90.Value">
            <summary>
            Gets or sets <see cref="P:DotNetKml22Library.Angle90.Value"/>.  If <see cref="P:DotNetKml22Library.Angle90.Value"/> is outside the valid range,
            an <see cref="T:System.ArgumentOutOfRangeException"/> is raised.
            </summary>
        </member>
        <member name="T:DotNetKml22Library.AnglePos90">
            <summary>
            An angle value ≥0 and ≤90
            </summary>
        </member>
        <member name="M:DotNetKml22Library.AnglePos90.#ctor(System.Double)">
            <summary>
            Initialize a new instance of the <see cref="T:DotNetKml22Library.AnglePos90"/> struct with
            a value of <paramref name="value"/>.
            </summary>
            <param name="value">The value to assign.</param>
        </member>
        <member name="M:DotNetKml22Library.AnglePos90.ToString">
            <summary>
            Returns <see cref="P:DotNetKml22Library.AnglePos90.Value"/> as a <see cref="T:System.String"/>.
            </summary>
            <returns><see cref="P:DotNetKml22Library.AnglePos90.Value"/> as a <see cref="T:System.String"/>.</returns>
        </member>
        <member name="P:DotNetKml22Library.AnglePos90.Value">
            <summary>
            Gets or sets <see cref="P:DotNetKml22Library.AnglePos90.Value"/>.  If <see cref="P:DotNetKml22Library.AnglePos90.Value"/> is outside the valid range,
            an <see cref="T:System.ArgumentOutOfRangeException"/> is raised.
            </summary>
        </member>
        <member name="T:DotNetKml22Library.BalloonStyle">
            <summary>
            Specifies how the description balloon for placemarks is drawn. 
            The <see cref="P:DotNetKml22Library.BalloonStyle.BgColor"/>, if specified, is used as the background color of 
            the balloon. See Feature for a diagram illustrating how the 
            default description balloon appears in Google Earth.
            </summary>
        </member>
        <member name="M:DotNetKml22Library.BalloonStyle.#ctor">
            <summary>
            Initialize a new instance of the <see cref="T:DotNetKml22Library.BalloonStyle"/> class.
            </summary>
        </member>
        <member name="M:DotNetKml22Library.BalloonStyle.WriteTo(System.Xml.XmlWriter)">
            <summary>
            Writes this object to <paramref name="writer"/>.
            </summary>
            <param name="writer">A <see cref="T:System.Xml.XmlWriter"/> to write this object.</param>
        </member>
        <member name="P:DotNetKml22Library.BalloonStyle.BgColor">
            <summary>
            Background color of the balloon (optional).  The default is opaque white (ffffffff).
            </summary>
        </member>
        <member name="P:DotNetKml22Library.BalloonStyle.TextColor">
            <summary>
            Foreground color for text. The default is black (ff000000).
            </summary>
        </member>
        <member name="P:DotNetKml22Library.BalloonStyle.Text">
            <summary>
            Text displayed in the balloon. If no text is specified, 
            Google Earth draws the default balloon (with the Feature name 
            in boldface, the Feature description, links for driving directions, 
            a white background, and a tail that is attached to the point 
            coordinates of the Feature, if specified).
            </summary>
        </member>
        <member name="P:DotNetKml22Library.BalloonStyle.DisplayMode">
            <summary>
            If <see cref="P:DotNetKml22Library.BalloonStyle.DisplayMode"/> is <see cref="!:DisplayMode.Default"/>, Google 
            Earth uses the information supplied in <see cref="P:DotNetKml22Library.BalloonStyle.Text"/> to create a balloon. 
            If <see cref="P:DotNetKml22Library.BalloonStyle.DisplayMode"/> is <see cref="!:DisplayMode.Hide"/>, 
            Google Earth does not display the balloon. In Google Earth, clicking 
            the List View icon for a Placemark whose balloon's <see cref="P:DotNetKml22Library.BalloonStyle.DisplayMode"/> 
            is hide causes Google Earth to fly to the Placemark.
            </summary>
        </member>
        <member name="T:DotNetKml22Library.Camera">
            <summary>
            Defines the virtual camera that views the scene. This element defines the 
            position of the camera relative to the Earth's surface as well as the viewing 
            direction of the camera. The camera position is defined by <see cref="P:DotNetKml22Library.Camera.Longitude"/>, 
            <see cref="P:DotNetKml22Library.Camera.Latitude"/>, <see cref="P:DotNetKml22Library.Camera.Altitude"/> and <see cref="P:DotNetKml22Library.Camera.AltitudeMode"/>. 
            The viewing direction of the camera is defined by <see cref="P:DotNetKml22Library.Camera.Heading"/>, 
            <see cref="P:DotNetKml22Library.Camera.Tilt"/>, and <see cref="P:DotNetKml22Library.Camera.Roll"/>. <see cref="T:DotNetKml22Library.Camera"/> can be a child element 
            of any <see cref="T:DotNetKml22Library.Feature"/> or of <see cref="T:DotNetKml22Library.NetworkLinkControl"/>. A parent 
            element cannot contain both a <see cref="T:DotNetKml22Library.Camera"/> and a <see cref="T:DotNetKml22Library.LookAt"/> at 
            the same time.
            </summary>
        </member>
        <member name="M:DotNetKml22Library.Camera.WriteTo(System.Xml.XmlWriter)">
            <summary>
            Writes this object to <paramref name="writer"/>.
            </summary>
            <param name="writer">A <see cref="T:System.Xml.XmlWriter"/> to write this object.</param>
        </member>
        <member name="P:DotNetKml22Library.Camera.Longitude">
            <summary>
            Longitude of the virtual camera (eye point). Angular distance in 
            degrees, relative to the Prime Meridian. Values west of the Meridian 
            range from −180 to 0 degrees. Values east of the Meridian range 
            from 0 to 180 degrees.
            </summary>
        </member>
        <member name="P:DotNetKml22Library.Camera.Latitude">
            <summary>
            Latitude of the virtual camera. Degrees north or south of the Equator 
            (0 degrees). Values range from −90 degrees to 90 degrees.
            </summary>
        </member>
        <member name="P:DotNetKml22Library.Camera.Altitude">
            <summary>
            Distance of the camera from the earth's surface, in meters. 
            Interpreted according to the Camera's <see cref="P:DotNetKml22Library.Camera.AltitudeMode"/>.
            </summary>
        </member>
        <member name="P:DotNetKml22Library.Camera.Heading">
            <summary>
            Direction (azimuth) of the camera, in degrees. Default=0 (true North).
            Values range from 0 to 360 degrees.
            </summary>
        </member>
        <member name="P:DotNetKml22Library.Camera.Tilt">
            <summary>
            Rotation, in degrees, of the camera around the X axis. A value of 0 indicates 
            that the view is aimed straight down toward the earth (the most common case). 
            A value for 90 for <see cref="P:DotNetKml22Library.Camera.Tilt"/> indicates that the view is aimed toward 
            the horizon. Values greater than 90 indicate that the view is pointed up into 
            the sky. Values for <see cref="P:DotNetKml22Library.Camera.Tilt"/> are clamped at +180 degrees.
            </summary>
        </member>
        <member name="P:DotNetKml22Library.Camera.Roll">
            <summary>
            Rotation, in degrees, of the camera around the Z axis. Values range from −180 to +180 degrees.
            </summary>
        </member>
        <member name="P:DotNetKml22Library.Camera.AltitudeMode">
            <summary>
            Specifies how the <see cref="P:DotNetKml22Library.Camera.Altitude"/> specified 
            for the LookAt point is interpreted. 
            </summary>
        </member>
        <member name="T:Check">
            <summary>
             Each method in this class generates an exception if an assertion is <see langword="false"/>.
             They are used to save typing.
            </summary>
            <remarks>
             This table is a guide to determine which function to use:
            <list type="table">
            <listheader>
            		<term>Function Name</term>
            		<description>Purpose</description>
            	</listheader>
            <item>
            		<term>ArgumentNotNull</term>
            		<description>
            		To ensure an argument is not <see langword="null"/>. If <see langword="null"/>, NullArgumentException is thrown.
            		</description>
            	</item>
            <item>
            		<term>Argument</term>
            		<description>
            		To ensure an argument satisfies a condition. If the assertion is <see langword="false"/>,
            		ArgumentOutOfRangeException is thrown.
            		</description>
            	</item>
            <item>
            		<term>Operation</term>
            		<description>
            		To check preconditions (except argument preconditions), postconditions, and invariants.
            		Basically, use this for any assertion except assertions about arguments. If the assertion is 
            		<see langword="false"/>, InvalidOperationException is thrown.
            		</description>
            	</item>
            </list>
             If you wish to perform the assertion only in debug builds then call a method ending in Debug.
             <para>This sample shows how to call the Operation method.</para>
             <code>
            public void Test(int x)
            {
                try
                {
                    Check.Operation(x > 1, "x must be > 1");
                }
                catch (System.Exception ex)
                {
                    Console.WriteLine(ex.ToString());
                }
            }
             </code>
             </remarks>
             
        </member>
        <member name="M:Check.ArgumentNotNull(System.Object,System.String)">
            <summary>
            Throw ArgumentNullException if an argument is <see langword="null"/>.
            </summary>
            <param name="argument">object that should not be <see langword="null"/></param>
            <param name="argumentName">name of the argument</param>
        </member>
        <member name="M:Check.ArgumentNotNullDebug(System.Object,System.String)">
            <summary>
            Throw ArgumentNullException if an argument is <see langword="null"/>, in debug builds only.
            </summary>
            <param name="argument">object that should not be <see langword="null"/></param>
            <param name="argumentName">name of the argument</param>
        </member>
        <member name="M:Check.ArgumentNotNull(System.Object,System.String,System.String)">
            <summary>
            Throw ArgumentNullException if an argument is <see langword="null"/>.
            </summary>
            <param name="argument">object that should not be <see langword="null"/></param>
            <param name="argumentName">name of the argument</param>
            <param name="message">message included in the ArgumentNullException</param>
        </member>
        <member name="M:Check.ArgumentNotNullDebug(System.Object,System.String,System.String)">
            <summary>
            Throw ArgumentNullException if an argument is <see langword="null"/>, in debug builds only.
            </summary>
            <param name="argument">object that should not be <see langword="null"/></param>
            <param name="argumentName">name of the argument</param>
            <param name="message">message included in the ArgumentNullException</param>
        </member>
        <member name="M:Check.Argument(System.Boolean,System.String)">
            <summary>
            Throw ArgumentOutOfRangeException if assertion is <see langword="false"/>.
            </summary>
            <param name="assertion">boolean value that should be <see langword="true"/></param>
            <param name="argumentName">name of the argument</param>
        </member>
        <member name="M:Check.ArgumentDebug(System.Boolean,System.String)">
            <summary>
            Throw ArgumentOutOfRangeException if assertion is <see langword="false"/>, in debug builds only.
            </summary>
            <param name="assertion">boolean value that should be <see langword="true"/></param>
            <param name="argumentName">name of the argument</param>
        </member>
        <member name="M:Check.Argument(System.Boolean,System.String,System.String)">
            <summary>
            Throw ArgumentOutOfRangeException if assertion is <see langword="false"/>.
            </summary>
            <param name="assertion">boolean value that should be <see langword="true"/></param>
            <param name="argumentName">name of the argument</param>
            <param name="message">message included in the ArgumentOutOfRangeException</param>
        </member>
        <member name="M:Check.ArgumentDebug(System.Boolean,System.String,System.String)">
            <summary>
            Throw ArgumentOutOfRangeException if assertion is <see langword="false"/>, in debug builds only.
            </summary>
            <param name="assertion">boolean value that should be <see langword="true"/></param>
            <param name="argumentName">name of the argument</param>
            <param name="message">message included in the ArgumentOutOfRangeException</param>
        </member>
        <member name="M:Check.Operation(System.Boolean)">
            <summary>
            Throw InvalidOperationException if assertion is <see langword="false"/>.
            </summary>
            <param name="assertion">boolean value that should be <see langword="true"/></param>
        </member>
        <member name="M:Check.OperationDebug(System.Boolean)">
            <summary>
            Throw InvalidOperationException if assertion is <see langword="false"/>, in debug builds only.
            </summary>
            <param name="assertion">boolean value that should be <see langword="true"/></param>
        </member>
        <member name="M:Check.Operation(System.Boolean,System.String)">
            <summary>
            Throw InvalidOperationException if assertion is <see langword="false"/>.
            </summary>
            <param name="assertion">boolean value that should be <see langword="true"/></param>
            <param name="message">message included in the InvalidOperationException</param>
        </member>
        <member name="M:Check.OperationDebug(System.Boolean,System.String)">
            <summary>
            Throw InvalidOperationException if assertion is <see langword="false"/>, in debug builds only.
            </summary>
            <param name="assertion">boolean value that should be <see langword="true"/></param>
            <param name="message">message included in the InvalidOperationException</param>
        </member>
        <member name="T:DotNetKml22Library.Color">
            <summary>
            Represents ABGR Color for kml documents.  Color and opacity 
            (alpha) values are expressed in hexadecimal notation. The range of values for 
            any one color is 0 to 255 (00 to ff). The order of expression is aabbggrr, 
            where aa=alpha (00 to ff); bb=blue (00 to ff); gg=green (00 to ff); rr=red 
            (00 to ff). For alpha, 00 is fully transparent and ff is fully opaque. 
            For example, if you want to apply a blue color with 50 percent opacity to an 
            overlay, you would specify the following: 7fff0000, where alpha=0x7f, blue=0xff, 
            green=0x00, and red=0x00. The default is opaque white (ffffffff).
            </summary>
        </member>
        <member name="M:DotNetKml22Library.Color.op_Equality(DotNetKml22Library.Color,DotNetKml22Library.Color)">
            <summary>
            Compares two <see cref="T:DotNetKml22Library.Color"/>s for equality.
            </summary>
            <param name="color1">First Color to compare.</param>
            <param name="color2">Second Color to compare.</param>
            <returns>True if the colors are equal, else false.</returns>
        </member>
        <member name="M:DotNetKml22Library.Color.op_Inequality(DotNetKml22Library.Color,DotNetKml22Library.Color)">
            <summary>
            Compares two <see cref="T:DotNetKml22Library.Color"/>s for inequality.
            </summary>
            <param name="color1">First Color to compare.</param>
            <param name="color2">Second Color to compare.</param>
            <returns>True if the colors are not equal else false.</returns>
        </member>
        <member name="M:DotNetKml22Library.Color.#ctor(System.Drawing.Color)">
            <summary>
            Initialize a new instance of the <see cref="T:DotNetKml22Library.Color"/> struct
            with <paramref name="color"/>.
            </summary>
            <param name="color">The <see cref="T:System.Drawing.Color"/> to use
            for this <see cref="T:DotNetKml22Library.Color"/>.</param>
        </member>
        <member name="M:DotNetKml22Library.Color.#ctor(System.Byte,System.Byte,System.Byte)">
            <summary>
            Initialize a new instance or the <see cref="T:DotNetKml22Library.Color"/> struct
            with <paramref name="blue"/>, <paramref name="green"/> and
            <paramref name="red"/>.
            </summary>
            <param name="blue"></param>
            <param name="green"></param>
            <param name="red"></param>
        </member>
        <member name="M:DotNetKml22Library.Color.#ctor(System.Byte,System.Byte,System.Byte,System.Byte)">
            <summary>
            Initialize a new instance or the <see cref="T:DotNetKml22Library.Color"/> struct
            with <paramref name="alpha"/>, <paramref name="blue"/>, <paramref name="green"/> and
            <paramref name="red"/>.
            </summary>
            <param name="alpha"></param>
            <param name="blue"></param>
            <param name="green"></param>
            <param name="red"></param>
        </member>
        <member name="M:DotNetKml22Library.Color.Equals(DotNetKml22Library.Color)">
            <summary>
            Compares this Color against <paramref name="other"/> for equality.
            </summary>
            <param name="other"></param>
            <returns></returns>
        </member>
        <member name="M:DotNetKml22Library.Color.Equals(System.Drawing.Color)">
            <summary>
            Compares this Color against <paramref name="other"/> for equality.
            </summary>
            <param name="other"></param>
            <returns></returns>
        </member>
        <member name="M:DotNetKml22Library.Color.Equals(System.Object)">
            <summary>
            Compares this Color against <paramref name="obj"/> for equality.
            </summary>
            <param name="obj"></param>
            <returns></returns>
        </member>
        <member name="M:DotNetKml22Library.Color.GetHashCode">
            <summary>
            Returns the hash code for this instance.
            </summary>
            <returns>A hash code.</returns>
        </member>
        <member name="M:DotNetKml22Library.Color.ToString">
            <summary>
            Returns <see cref="T:DotNetKml22Library.Color"/> as a string representation.
            "aabbggrr", where aa=alpha (00 to ff); bb=blue (00 to ff); gg=green (00 to ff); rr=red 
            (00 to ff). For alpha, 00 is fully transparent and ff is fully opaque.
            </summary>
            <returns></returns>
        </member>
        <member name="P:DotNetKml22Library.Color.Black">
            <summary>
            Black.
            </summary>
        </member>
        <member name="P:DotNetKml22Library.Color.Blue">
            <summary>
            Blue.
            </summary>
        </member>
        <member name="P:DotNetKml22Library.Color.Brown">
            <summary>
            Brown.
            </summary>
        </member>
        <member name="P:DotNetKml22Library.Color.Gold">
            <summary>
            Gold.
            </summary>
        </member>
        <member name="P:DotNetKml22Library.Color.Green">
            <summary>
            Green.
            </summary>
        </member>
        <member name="P:DotNetKml22Library.Color.Grey">
            <summary>
            Grey.
            </summary>
        </member>
        <member name="P:DotNetKml22Library.Color.LightYellow">
            <summary>
            Light Yellow.
            </summary>
        </member>
        <member name="P:DotNetKml22Library.Color.Magenta">
            <summary>
            Magenta.
            </summary>
        </member>
        <member name="P:DotNetKml22Library.Color.Maroon">
            <summary>
            Maroon.
            </summary>
        </member>
        <member name="P:DotNetKml22Library.Color.Navy">
            <summary>
            Navy.
            </summary>
        </member>
        <member name="P:DotNetKml22Library.Color.Pink">
            <summary>
            Pink.
            </summary>
        </member>
        <member name="P:DotNetKml22Library.Color.Purple">
            <summary>
            Purple.
            </summary>
        </member>
        <member name="P:DotNetKml22Library.Color.Red">
            <summary>
            Red.
            </summary>
        </member>
        <member name="P:DotNetKml22Library.Color.Turquoise">
            <summary>
            Turquoise.
            </summary>
        </member>
        <member name="P:DotNetKml22Library.Color.White">
            <summary>
            White.
            </summary>
        </member>
        <member name="P:DotNetKml22Library.Color.Yellow">
            <summary>
            Yellow.
            </summary>
        </member>
        <member name="P:DotNetKml22Library.Color.Name">
            <summary>
            If a <see cref="T:System.Drawing.Color"/> is used to create this <see cref="T:DotNetKml22Library.Color"/>,
            then the name is returned by this property else <see langword="null"/> is returned.
            </summary>
        </member>
        <member name="T:DotNetKml22Library.ColorMode">
            <summary>
            Values for ColorMode are <see cref="F:DotNetKml22Library.ColorMode.Normal"/> (no effect) and <see cref="F:DotNetKml22Library.ColorMode.Random"/>.  
            A value of Random applies a Random linear scale to the base <see cref="T:DotNetKml22Library.Color"/>.
            </summary>
        </member>
        <member name="F:DotNetKml22Library.ColorMode.Normal">
            <summary>
             Normal (no effect)
            </summary>
        </member>
        <member name="F:DotNetKml22Library.ColorMode.Random">
            <summary>
            Random applies a random linear scale to the base <see cref="T:DotNetKml22Library.Color"/>.
            </summary>
        </member>
        <member name="T:DotNetKml22Library.ColorStyle">
            <summary>
            This is an abstract element and cannot be used directly in a KML file. 
            It provides elements for specifying the color and color mode of extended style types.
            </summary>
        </member>
        <member name="T:DotNetKml22Library.Container">
            <summary>
            This is an abstract element and cannot be used directly in a KML file. 
            A Container element holds one or more Features and allows the creation 
            of nested hierarchies.
            </summary>
        </member>
        <member name="T:DotNetKml22Library.Feature">
            <summary>
            This is an abstract element and cannot be used directly in 
            a KML file. The following diagram shows how some of a Feature's 
            elements appear in Google Earth.
            </summary>
        </member>
        <member name="M:DotNetKml22Library.Feature.#ctor">
            <summary>
            Initialize a new instance of the <see cref="T:DotNetKml22Library.Feature"/> class.
            </summary>
        </member>
        <member name="M:DotNetKml22Library.Feature.WriteTo(System.Xml.XmlWriter)">
            <!-- Failed to insert some or all of included XML --><include file="Documentation.xml" path="MyDocs/MyMembers[@name=&quot;WriteTo&quot;]/*"/>
        </member>
        <member name="P:DotNetKml22Library.Feature.Name">
            <summary>
            User-defined text displayed in the 3D viewer as the label 
            for the object (for example, for a Placemark, Folder, or NetworkLink).
            </summary>
        </member>
        <member name="P:DotNetKml22Library.Feature.Visibility">
            <summary>
            Boolean value. Specifies whether the feature is drawn in the 3D 
            viewer when it is initially loaded. In order for a feature to be 
            visible, the (visibility) tag of all its ancestors must also be 
            set to 1. In the Google Earth List View, each Feature has a checkbox 
            that allows the user to control visibility of the Feature.
            </summary>
        </member>
        <member name="P:DotNetKml22Library.Feature.Open">
            <summary>
            Boolean value. Specifies whether a Document or Folder appears 
            closed or open when first loaded into the Places panel. 
            0=collapsed (the default), 1=expanded. See also (ListStyle). 
            This element applies only to Document, Folder, and NetworkLink.
            </summary>
        </member>
        <member name="P:DotNetKml22Library.Feature.Address">
            <summary>
            A string value representing an unstructured address written as a standard street, 
            city, state address, and/or as a postal code. You can use the <see cref="P:DotNetKml22Library.Feature.Address"/> 
            tag to specify the location of a point instead of using latitude and longitude 
            coordinates. (However, if a <see cref="T:DotNetKml22Library.Point"/> is provided, it takes precedence 
            over the  <see cref="P:DotNetKml22Library.Feature.Address"/>.) To find out which locales are supported for this 
            tag in Google Earth, go to the Google Maps Help.
            </summary>
        </member>
        <member name="P:DotNetKml22Library.Feature.Snippet">
            <summary>
            A short description of the feature. In Google Earth, this 
            description is displayed in the Places panel under the name 
            of the feature. If a Snippet is not supplied, the first two 
            lines of the <see cref="P:DotNetKml22Library.Feature.Description"/> are used. In Google Earth, if a 
            Placemark contains both a description and a Snippet, the <see cref="P:DotNetKml22Library.Feature.Snippet"/> 
            appears beneath the Placemark in the Places panel, and the <see cref="P:DotNetKml22Library.Feature.Description"/> 
            appears in the Placemark's description balloon. This tag does not support 
            HTML markup. <see cref="P:DotNetKml22Library.Feature.Snippet"/> has a maxLines attribute, an integer 
            that specifies the maximum number of lines to display.
            </summary>
        </member>
        <member name="P:DotNetKml22Library.Feature.SnippetMaxLines">
            <summary>
            Gets or sets the <see cref="P:DotNetKml22Library.Feature.Snippet"/> max lines.  Default is 2.
            </summary>
        </member>
        <member name="P:DotNetKml22Library.Feature.Description">
            <summary>
            User-supplied content that appears in the description balloon.
            </summary>
        </member>
        <member name="P:DotNetKml22Library.Feature.AbstractView">
            <summary>
            A <see cref="T:DotNetKml22Library.Camera"/> or a <see cref="T:DotNetKml22Library.LookAt"/>.
            </summary>
        </member>
        <member name="P:DotNetKml22Library.Feature.TimePrimative">
            <summary>
            Associates this Feature with a period of time (<see cref="T:DotNetKml22Library.TimeSpan"/>) or a 
            point in time (<see cref="T:DotNetKml22Library.TimeStamp"/>).
            </summary>
        </member>
        <!-- Badly formed XML comment ignored for member "P:DotNetKml22Library.Feature.StyleUrl" -->
        <member name="P:DotNetKml22Library.Feature.Region">
            <summary>
            Features and geometry associated with a Region are drawn only when the Region is active.
            </summary>
        </member>
        <member name="T:DotNetKml22Library.ICoordinate">
            <summary>
            Represents a coordinate with a longitude, latitude and altitude.
            </summary>
        </member>
        <member name="P:DotNetKml22Library.ICoordinate.Longitude">
            <summary>
            Gets the coordinate longitude.
            </summary>
        </member>
        <member name="P:DotNetKml22Library.ICoordinate.Latitude">
            <summary>
            Gets the coordinate latitude.
            </summary>
        </member>
        <member name="P:DotNetKml22Library.ICoordinate.Altitude">
            <summary>
            Gets the coordinate altitude in kilometers.
            </summary>
        </member>
        <member name="T:DotNetKml22Library.CoordinateCollection">
            <summary>
            A helper class to used to return a 2 or 3-tuple (ordered list of elements)
            of <see cref="!:IEnumerable(ICoordinate)"/> with a space separator.  The tuple 
            is used for <see cref="T:DotNetKml22Library.Geometry"/> classes like <see cref="T:DotNetKml22Library.LineString"/>
            that needs an <see cref="!:IEnumerable(ICoordinate)"/>.
            Each tuple is normally represented as "lon,lat,alt" where
            "lon" is longitide, "lat" is latitude and "alt" is altitude.
            </summary>
        </member>
        <member name="T:DotNetKml22Library.DisplayMode">
            <summary>
            See <see cref="P:DotNetKml22Library.BalloonStyle.DisplayMode"/>.
            </summary>
        </member>
        <member name="F:DotNetKml22Library.DisplayMode.Default">
            <summary>
            If displayMode is Default, Google Earth uses the information supplied in text to create a balloon .
            </summary>
        </member>
        <member name="F:DotNetKml22Library.DisplayMode.Hide">
            <summary>
            If displayMode is Hide, Google Earth does not display the balloon.
            </summary>
        </member>
        <member name="T:DotNetKml22Library.Document">
            <summary>
            A <see cref="T:DotNetKml22Library.Document"/> is a container for <see cref="T:DotNetKml22Library.Feature"/>s and 
            <see cref="T:DotNetKml22Library.Style"/>s.  This element is required if your KML file uses 
            shared styles.
            </summary>
        </member>
        <member name="M:DotNetKml22Library.Document.#ctor">
            <summary>
            Initialize a new instance of the <see cref="T:DotNetKml22Library.Document"/> class.
            </summary>
        </member>
        <member name="M:DotNetKml22Library.Document.WriteTo(System.Xml.XmlWriter)">
            <summary>
            Writes this <see cref="T:DotNetKml22Library.Document"/> to <paramref name="writer"/>.
            </summary>
            <param name="writer">The <see cref="T:System.Xml.XmlWriter"> to write this <see cref="T:DotNetKml22Library.Document"/>.</see></param>
        </member>
        <member name="T:DotNetKml22Library.Folder">
            <summary>
            A Folder is used to arrange other Features hierarchically 
            (Folders, <see cref="T:DotNetKml22Library.Placemark"/>s, NetworkLinks, or Overlays). A Feature 
            is visible only if it and all its ancestors are visible.
            </summary>
        </member>
        <member name="M:DotNetKml22Library.Folder.WriteTo(System.Xml.XmlWriter)">
            <!-- Failed to insert some or all of included XML --><include file="Documentation.xml" path="MyDocs/MyMembers[@name=&quot;WriteTo&quot;]/*"/>
        </member>
        <member name="T:DotNetKml22Library.Geometry">
            <summary>
            This is an abstract element and cannot be used directly in a 
            KML file. It provides a placeholder object for all derived 
            Geometry objects.
            </summary>
        </member>
        <member name="T:DotNetKml22Library.Icon">
            <summary>
            Defines an image associated with an Icon style or overlay. The required 
            &lt;href&gt; child element defines the location of the image to be used as the overlay 
            or as the icon for the placemark. This location can either be on a local file system or a 
            remote web server. The &lt;gx:x>, &lt;gx:y&gt;, &lt;gx:w&gt;, and &lt;gx:h&gt; elements are used to select one 
            icon from an image that contains multiple icons (often referred to as an icon palette.
            </summary>
        </member>
        <member name="M:DotNetKml22Library.Icon.#ctor(System.String)">
            <summary>
            Initializes a new instance of the <see cref="T:DotNetKml22Library.Icon"/> class with <paramref name="href"/>.
            </summary>
            <param name="href"></param>
        </member>
        <member name="M:DotNetKml22Library.Icon.WriteTo(System.Xml.XmlWriter)">
            <summary>
            
            </summary>
            <param name="writer"></param>
        </member>
        <member name="M:DotNetKml22Library.Icon.ToString">
            <summary>
            
            </summary>
            <returns></returns>
        </member>
        <member name="P:DotNetKml22Library.Icon.Href">
            <summary>
            Gets the icon href.
            </summary>
        </member>
        <member name="T:DotNetKml22Library.IconStyle">
            <summary>
            Specifies how icons for point Placemarks are drawn, both in the 
            Places panel and in the 3D viewer of Google Earth. The <see cref="P:DotNetKml22Library.IconStyle.Icon"/> 
            element specifies the icon image. The <see cref="P:DotNetKml22Library.IconStyle.Scale"/> element specifies the x, 
            y scaling of the icon. The color specified in the <see cref="T:DotNetKml22Library.Color"/> element of 
            <see cref="T:DotNetKml22Library.IconStyle"/> is blended with the color of the <see cref="P:DotNetKml22Library.IconStyle.Icon"/>.
            </summary>
        </member>
        <member name="M:DotNetKml22Library.IconStyle.WriteTo(System.Xml.XmlWriter)">
            <summary>
            
            </summary>
            <param name="writer"></param>
        </member>
        <member name="P:DotNetKml22Library.IconStyle.Scale">
            <summary>
            Gets or sets the x, y scaling of the icon.
            </summary>
        </member>
        <member name="P:DotNetKml22Library.IconStyle.Heading">
            <summary>
            Gets or sets the direction (that is, North, South, East, West), in degrees. Default=0 (North). Values range from 0 to 360 degrees.
            </summary>
        </member>
        <member name="P:DotNetKml22Library.IconStyle.Icon">
            <summary>
            A custom Icon.
            </summary>
        </member>
        <member name="T:DotNetKml22Library.IPlacemark">
            <summary>
            Properties required to create a "simple" <see cref="T:DotNetKml22Library.Kml"/> <see cref="T:DotNetKml22Library.Placemark"/>
            with the <see cref="P:DotNetKml22Library.Placemark.Geometry"/> set as a single <see cref="T:DotNetKml22Library.Point"/>.
            </summary>
        </member>
        <member name="P:DotNetKml22Library.IPlacemark.Name">
            <summary>
            Gets the <see cref="T:DotNetKml22Library.Placemark"/> name.
            </summary>
        </member>
        <member name="T:DotNetKml22Library.Kml">
            <summary>
            The root element of a Kml file. This element is required. It follows 
            the xml declaration at the beginning of the file. The hint attribute 
            is used as a signal to Google Earth to display the file as celestial data.
            <see cref="T:DotNetKml22Library.Kml"/> can contains 0 or 1 <see cref="P:DotNetKml22Library.Kml.Feature"/>
            and 0 or 1 <see cref="P:DotNetKml22Library.Kml.NetworkLinkControl"/>. 
            <a href="http://code.google.com/apis/kml/documentation/kmlreference.html">Kml reference</a>
            </summary>
        </member>
        <member name="M:DotNetKml22Library.Kml.WriteElement(System.Xml.XmlWriter,DotNetKml22Library.AltitudeMode)">
            <summary>
            Writes the altitudeMode if it is not equal to the default value.
            </summary>
            <param name="writer"></param>
            <param name="altitudeMode"></param>
        </member>
        <member name="M:DotNetKml22Library.Kml.WriteElement(System.Xml.XmlWriter,System.String,System.DateTime)">
            <summary>
            The dateTime is defined according to XML Schema time (see XML Schema Part 2: Datatypes 
            Second Edition). The value can be expressed as yyyy-mm-ddThh:mm:sszzzzzz, where T is the 
            separator between the date and the time, and the time zone is either Z (for UTC) or zzzzzz, 
            which represents ±hh:mm in relation to UTC. Additionally, the value can be expressed as a date 
            only. See <see cref="T:DotNetKml22Library.TimeStamp"/> for examples.
            </summary>
            <param name="writer"></param>
            <param name="elementName"></param>
            <param name="dateTime"></param>
        </member>
        <member name="F:DotNetKml22Library.Kml.XmlWriterSettings">
            <summary>
            The settings used when WriteTo(string) and WriteTo(Stream) are called since
            they need to create an XmlWriter with settings.
            </summary>
        </member>
        <member name="M:DotNetKml22Library.Kml.Dispose">
            <summary>
            Disposes of resources used by <see cref="T:DotNetKml22Library.Kml"/>.
            </summary>
        </member>
        <member name="M:DotNetKml22Library.Kml.WriteTo(System.String)">
            <summary>
            Creates a kml file with the given <paramref name="fileName"/>
            </summary>
            <param name="fileName"></param>
        </member>
        <member name="M:DotNetKml22Library.Kml.WriteTo(System.String,DotNetKml22Library.Kml.StreamType)">
            <summary>
            Creates a kml or a kmz file with the given <paramref name="fileName"/>
            </summary>
            <param name="fileName">The name of the file to create.</param>
            <param name="streamType"></param>
        </member>
        <member name="M:DotNetKml22Library.Kml.WriteTo(System.IO.Stream)">
            <summary>
            Writes this <see cref="T:DotNetKml22Library.Kml"/> as kml (pain text) to the specified <paramref name="stream"/>
            </summary>
            <param name="stream"></param>
        </member>
        <member name="M:DotNetKml22Library.Kml.WriteTo(System.IO.Stream,DotNetKml22Library.Kml.StreamType)">
            <summary>
            Writes this <see cref="T:DotNetKml22Library.Kml"/> as kml (pain text) or
            kmz (compressed kml) to the specified <paramref name="stream"/>
            depending on <paramref name="streamtype"/>
            </summary>
            <param name="stream"></param>
            <param name="streamType"></param>
        </member>
        <member name="M:DotNetKml22Library.Kml.WriteTo(System.Xml.XmlWriter)">
            <!-- Failed to insert some or all of included XML --><include file="Documentation.xml" path="MyDocs/MyMembers[@name=&quot;WriteTo&quot;]/*"/>
        </member>
        <member name="P:DotNetKml22Library.Kml.Hint">
            <summary>
            The hint attribute is used as a signal to Google Earth to display the file as celestial data.
            </summary>
        </member>
        <member name="P:DotNetKml22Library.Kml.NetworkLinkControl">
            <summary>
            Controls the behavior of files fetched by a <see cref="T:DotNetKml22Library.NetworkLink"/>.
            <see cref="T:DotNetKml22Library.Kml"/> can have zero or one <see cref="P:DotNetKml22Library.Kml.NetworkLinkControl"/>.
            </summary>
        </member>
        <member name="P:DotNetKml22Library.Kml.Feature">
            <summary>
            <see cref="T:DotNetKml22Library.Kml"/> can have zero or one <see cref="P:DotNetKml22Library.Kml.Feature"/>.
            </summary>
        </member>
        <member name="F:DotNetKml22Library.Kml.StreamType.kml">
            <summary>
            A KML file.
            </summary>
        </member>
        <member name="F:DotNetKml22Library.Kml.StreamType.kmz">
            <summary>
            A KML file zipped up to be a KMZ.
            </summary>
        </member>
        <member name="T:DotNetKml22Library.LabelStyle">
            <summary>
            Specifies how the name of a Feature is drawn in the 3D viewer. A custom color, 
            color mode, and scale for the label (name) can be specified.
            </summary>
        </member>
        <member name="P:DotNetKml22Library.LabelStyle.Scale">
            <summary>
            Resizes the icon.
            </summary>
        </member>
        <member name="T:DotNetKml22Library.LatLonAltBox">
            <summary>
            A bounding box that describes an area of interest defined by geographic coordinates and altitudes.
            </summary>
        </member>
        <member name="P:DotNetKml22Library.LatLonAltBox.North">
            <summary>
            Specifies the latitude of the north edge of the bounding box, in decimal degrees from 0 to ±90.
            </summary>
        </member>
        <member name="P:DotNetKml22Library.LatLonAltBox.South">
            <summary>
            Specifies the latitude of the south edge of the bounding box, in decimal degrees from 0 to ±90.
            </summary>
        </member>
        <member name="P:DotNetKml22Library.LatLonAltBox.East">
            <summary>
            Specifies the longitude of the east edge of the bounding box, in decimal degrees from 0 to ±180. 
            (For overlays that overlap the meridian of 180° longitude, values can extend beyond that range.)
            </summary>
        </member>
        <member name="P:DotNetKml22Library.LatLonAltBox.West">
            <summary>
            Specifies the longitude of the west edge of the bounding box, in decimal degrees from 0 to ±180. 
            (For overlays that overlap the meridian of 180° longitude, values can extend beyond that range.)
            </summary>
        </member>
        <member name="P:DotNetKml22Library.LatLonAltBox.Rotation">
            <summary>
            Specifies a rotation of the overlay about its center, in degrees. Values can be ±180. The 
            default is 0 (north). Rotations are specified in a counterclockwise direction.
            </summary>
        </member>
        <member name="P:DotNetKml22Library.LatLonBox.North">
            <summary>
            Specifies the latitude of the north edge of the bounding box, in decimal degrees from 0 to ±90.
            </summary>
        </member>
        <member name="P:DotNetKml22Library.LatLonBox.South">
            <summary>
            Specifies the latitude of the south edge of the bounding box, in decimal degrees from 0 to ±90.
            </summary>
        </member>
        <member name="P:DotNetKml22Library.LatLonBox.East">
            <summary>
            Specifies the longitude of the east edge of the bounding box, in decimal degrees from 0 to ±180. 
            (For overlays that overlap the meridian of 180° longitude, values can extend beyond that range.)
            </summary>
        </member>
        <member name="P:DotNetKml22Library.LatLonBox.West">
            <summary>
            Specifies the longitude of the west edge of the bounding box, in decimal degrees from 0 to ±180. 
            (For overlays that overlap the meridian of 180° longitude, values can extend beyond that range.)
            </summary>
        </member>
        <member name="P:DotNetKml22Library.LatLonBox.Rotation">
            <summary>
            Specifies a rotation of the overlay about its center, in degrees. Values can be ±180. The 
            default is 0 (north). Rotations are specified in a counterclockwise direction.
            </summary>
        </member>
        <member name="T:DotNetKml22Library.LinearRing">
            <summary>
            Defines a closed line string, typically the outer boundary of a 
            Polygon. Optionally, a LinearRing can also be used as the inner
            boundary of a Polygon to create holes in the Polygon. A Polygon 
            can contain multiple LinearRing elements used as inner boundaries.
            </summary>
        </member>
        <member name="M:DotNetKml22Library.LinearRing.WriteTo(System.Xml.XmlWriter)">
            <summary>
            Writes this <see cref="T:DotNetKml22Library.LinearRing"/> to <paramref name="writer"/>.
            </summary>
            <param name="writer">A <see cref="T:System.Xml.XmlWriter"/> to write this object.</param>
        </member>
        <member name="P:DotNetKml22Library.LinearRing.Extrude">
            <summary>
            Boolean value. Specifies whether to connect the LineString to the ground. 
            To extrude a LineString, the altitude mode must be either relativeToGround, 
            relativeToSeaFloor, or absolute. The vertices in the LineString are extruded 
            toward the center of the Earth's sphere.
            </summary>
        </member>
        <member name="P:DotNetKml22Library.LinearRing.Tessellate">
            <summary>
            Boolean value. Specifies whether to allow the LineString to follow the terrain. 
            To enable tessellation, the altitude mode must be clampToGround or clampToSeaFloor. 
            Very large LineStrings should enable tessellation so that they follow the curvature 
            of the earth (otherwise, they may go underground and be hidden).
            </summary>
        </member>
        <member name="P:DotNetKml22Library.LinearRing.AltitudeMode">
            <summary>
            Specifies how altitude components in the <see cref="P:DotNetKml22Library.LinearRing.Coordinates"/> element are interpreted. 
            </summary>
        </member>
        <member name="P:DotNetKml22Library.LinearRing.Coordinates">
            <summary>
            Four or more tuples, each consisting of floating point values for longitude, 
            latitude, and altitude. The altitude component is optional. Do not include 
            spaces within a tuple. The last coordinate must be the same as the first 
            coordinate. Coordinates are expressed in decimal degrees only.
            </summary>
        </member>
        <member name="T:DotNetKml22Library.LineString">
            <summary>
            Defines a connected set of line segments.
            </summary>
        </member>
        <member name="P:DotNetKml22Library.LineString.Extrude">
            <summary>
            Boolean value. Specifies whether to connect the LineString to the ground. To 
            extrude a LineString, the altitude mode must be either relativeToGround, relativeToSeaFloor, 
            or absolute. The vertices in the LineString are extruded toward the center of the Earth's 
            sphere.
            </summary>
        </member>
        <member name="P:DotNetKml22Library.LineString.Tessellate">
            <summary>
            Boolean value. Specifies whether to allow the LineString to follow the terrain. To enable 
            tessellation, the altitude mode must be clampToGround or clampToSeaFloor. Very large 
            LineStrings should enable tessellation so that they follow the curvature of the earth 
            (otherwise, they may go underground and be hidden).
            </summary>
        </member>
        <member name="T:DotNetKml22Library.LineStyle">
            <summary>
            Specifies the drawing style (color, color mode, and line width) for all 
            line geometry. Line geometry includes the outlines of outlined polygons 
            and the extruded "tether" of Placemark icons (if extrusion is enabled).
            </summary>
        </member>
        <member name="P:DotNetKml22Library.LineStyle.Width">
            <summary>
            Width of the line, in pixels.
            </summary>
        </member>
        <member name="T:DotNetKml22Library.Link">
            <summary>
            <see cref="T:DotNetKml22Library.Link"/> specifies the location of any of the following:
            <para>
            KML files fetched by network links
            </para>
            <para>
            Image files used in any Overlay (the <see cref="T:DotNetKml22Library.Icon"/> element 
            specifies the image in an Overlay; <see cref="T:DotNetKml22Library.Icon"/> has the same 
            fields as <see cref="T:DotNetKml22Library.Link"/>)
            </para>
            <para>
            Model files used in the <see cref="!:Model"/> element
            </para>
            <para>
            The file is conditionally loaded and refreshed, depending on the refresh parameters supplied here.
            </para>
            </summary>
        </member>
        <member name="P:DotNetKml22Library.Link.Href">
            <summary>
            A URL (either an HTTP address or a local file specification). When the 
            parent of <see cref="T:DotNetKml22Library.Link"/> is a NetworkLink, <see cref="P:DotNetKml22Library.Link.Href"/> is 
            a KML file. When the parent of <see cref="T:DotNetKml22Library.Link"/> is a Model, 
            <see cref="P:DotNetKml22Library.Link.Href"/> is a COLLADA file. When the parent of 
            <see cref="T:DotNetKml22Library.Icon"/> (same fields as <see cref="T:DotNetKml22Library.Link"/>) is an Overlay, 
            <see cref="P:DotNetKml22Library.Link.Href"/> is an image. Relative URLs can be used in this tag 
            and are evaluated relative to the enclosing KML file. See KMZ Files for 
            details on constructing relative references in KML and KMZ files.
            </summary>
        </member>
        <member name="P:DotNetKml22Library.Link.RefreshMode">
            <summary>
            Specifies a time-based refresh mode.
            </summary>
        </member>
        <member name="P:DotNetKml22Library.Link.RefreshInterval">
            <summary>
            Indicates to refresh the file every n seconds.
            </summary>
        </member>
        <member name="P:DotNetKml22Library.Link.ViewRefreshMode">
            <summary>
            Specifies how the link is refreshed when the "camera" changes.
            </summary>
        </member>
        <member name="P:DotNetKml22Library.Link.ViewRefreshTime">
            <summary>
            After camera movement stops, specifies the number of seconds to wait before refreshing the view.
            </summary>
        </member>
        <member name="T:DotNetKml22Library.Lod">
            <summary>
            Lod is an abbreviation for Level of Detail.
            </summary>
        </member>
        <member name="P:DotNetKml22Library.Lod.MinLodPixels">
            <summary>
            Measurement in screen pixels that represents the minimum 
            limit of the visibility range for a given Region. Google 
            Earth calculates the size of the Region when projected onto 
            screen space. Then it computes the square root of the Region's 
            area (if, for example, the Region is square and the viewpoint 
            is directly above the Region, and the Region is not tilted, 
            this measurement is equal to the width of the projected Region). 
            If this measurement falls within the limits defined by 
            <see cref="P:DotNetKml22Library.Lod.MinLodPixels"/> and <see cref="P:DotNetKml22Library.Lod.MaxLodPixels"/> 
            (and if the <see cref="T:DotNetKml22Library.LatLonAltBox"/> is in view), the Region 
            is active. If this limit is not reached, the associated geometry 
            is considered to be too far from the user's viewpoint to be drawn.
            </summary>
        </member>
        <member name="P:DotNetKml22Library.Lod.MaxLodPixels">
            <summary>
            Measurement in screen pixels that represents the maximum limit of the visibility range for a given Region. 
            A value of −1, the default, indicates "active to infinite size."
            </summary>
        </member>
        <member name="P:DotNetKml22Library.Lod.MinFadeExtent">
            <summary>
            Distance over which the geometry fades, from fully opaque to fully transparent. This ramp value, expressed in screen pixels, is applied at the minimum end of the LOD (visibility) limits.
            </summary>
        </member>
        <member name="P:DotNetKml22Library.Lod.MaxFadeExtent">
            <summary>
            Distance over which the geometry fades, from fully transparent to fully opaque. This ramp value, expressed in screen pixels, is applied at the maximum end of the LOD (visibility) limits.
            </summary>
        </member>
        <member name="T:DotNetKml22Library.LookAt">
            <summary>
            Defines a virtual camera that is associated with any element derived from 
            <see cref="T:DotNetKml22Library.Feature"/>. The LookAt element positions the "camera" in relation to 
            the object that is being viewed. In Google Earth, the view "flies to" this LookAt 
            viewpoint when the user double-clicks an item in the Places panel or double-clicks 
            an icon in the 3D viewer.
            </summary>
        </member>
        <member name="M:DotNetKml22Library.LookAt.WriteTo(System.Xml.XmlWriter)">
            <summary>
            Writes this <see cref="T:DotNetKml22Library.LookAt"/> to <paramref name="writer"/>.
            </summary>
            <param name="writer">A <see cref="T:System.Xml.XmlWriter"/> to write this <see cref="T:DotNetKml22Library.LookAt"/>.</param>
        </member>
        <member name="P:DotNetKml22Library.LookAt.Longitude">
            <summary>
            Longitude of the point the camera is looking at. Angular distance in degrees, 
            relative to the Prime Meridian. Values west of the Meridian range from −180 to 
            0 degrees. Values east of the Meridian range from 0 to 180 degrees.
            </summary>
        </member>
        <member name="P:DotNetKml22Library.LookAt.Latitude">
            <summary>
            Latitude of the point the camera is looking at. Degrees north or south 
            of the Equator (0 degrees). Values range from −90 degrees to 90 degrees.
            </summary>
        </member>
        <member name="P:DotNetKml22Library.LookAt.Altitude">
            <summary>
            Distance from the earth's surface, in meters. 
            Interpreted according to the LookAt's altitude mode.
            </summary>
        </member>
        <member name="P:DotNetKml22Library.LookAt.Heading">
            <summary>
            Direction (that is, North, South, East, West), in degrees. Default=0 (North). 
            Values range from 0 to 360 degrees.
            </summary>
        </member>
        <member name="P:DotNetKml22Library.LookAt.Tilt">
            <summary>
            Angle between the direction of the LookAt position and the normal to the surface 
            of the earth. Values range from 0 to 90 degrees. Values for <see cref="!:tilt"/> cannot 
            be negative. A <see cref="!:tilt"/> value of 0 degrees indicates viewing from 
            directly above. A <see cref="!:tilt"/> value of 90 degrees indicates viewing along the horizon.
            </summary>
        </member>
        <member name="P:DotNetKml22Library.LookAt.Range">
            <summary>
            REQUIRED: Distance in meters from the point specified by 
            <see cref="P:DotNetKml22Library.LookAt.Longitude"/>, <see cref="P:DotNetKml22Library.LookAt.Latitude"/>, 
            and <see cref="P:DotNetKml22Library.LookAt.Altitude"/> to the LookAt position.
            </summary>
        </member>
        <member name="P:DotNetKml22Library.LookAt.AltitudeMode">
            <summary>
            Specifies how the <see cref="P:DotNetKml22Library.LookAt.Altitude"/> specified 
            for the LookAt point is interpreted. 
            </summary>
        </member>
        <member name="T:DotNetKml22Library.MultiGeometry">
            <summary>
            A container for zero or more geometry primitives associated with the same feature.
            </summary>
        </member>
        <member name="M:DotNetKml22Library.MultiGeometry.WriteTo(System.Xml.XmlWriter)">
            <summary>
            Writes this object to <paramref name="writer"/>.
            </summary>
            <param name="writer">A <see cref="T:System.Xml.XmlWriter"/> to write this object.</param>
        </member>
        <member name="P:DotNetKml22Library.MultiGeometry.Items">
            <summary>
            Returns a collection of Geometry items.
            </summary>
        </member>
        <member name="T:DotNetKml22Library.NetworkLink">
            <summary>
            References a KML file or KMZ archive on a local or 
            remote network. Use the Link element to specify the 
            location of the KML file. Within that element, you can 
            define the refresh options for updating the file, based 
            on time and camera change. NetworkLinks can be used in 
            combination with Regions to handle very large datasets efficiently.
            </summary>
        </member>
        <member name="T:DotNetKml22Library.NetworkLinkControl">
            <summary>
            Controls the behavior of files fetched by a <see cref="T:DotNetKml22Library.NetworkLink"/>.
            </summary>
        </member>
        <member name="P:DotNetKml22Library.NetworkLinkControl.Message">
            <summary>
            You can deliver a pop-up message, such as usage guidelines for your 
            network link. The message appears when the network link is first loaded 
            into Google Earth, or when it is changed in the network link control.
            </summary>
        </member>
        <member name="P:DotNetKml22Library.NetworkLinkControl.MinRefreshPeriod">
            <summary>
            Specified in seconds, <see cref="P:DotNetKml22Library.NetworkLinkControl.MinRefreshPeriod"/> is the minimum 
            allowed time between fetches of the file. This parameter allows servers 
            to throttle fetches of a particular file and to tailor refresh rates to 
            the expected rate of change to the data. For example, a user might set 
            a link refresh to 5 seconds, but you could set your minimum refresh 
            period to 3600 to limit refresh updates to once every hour.
            </summary>
        </member>
        <member name="P:DotNetKml22Library.NetworkLinkControl.AbstractView">
            <summary>
            LookAt or Camera
            </summary>
        </member>
        <member name="T:DotNetKml22Library.Overlay">
            <summary>
            This is an abstract element and cannot be used directly in a KML file. 
            <see cref="T:DotNetKml22Library.Overlay"/> is the base type for image overlays drawn on the 
            planet surface or on the screen. <see cref="P:DotNetKml22Library.Overlay.Icon"/> specifies the image 
            to use and can be configured to reload images based on a timer or by camera 
            changes. This element also includes specifications for stacking order of 
            multiple overlays and for adding color and transparency values to the base 
            image.
            </summary>
        </member>
        <member name="M:DotNetKml22Library.Overlay.WriteTo(System.Xml.XmlWriter)">
            <summary>
            Writes the contents of this <see cref="T:DotNetKml22Library.Overlay"/> to <paramref name="writer"/>.
            </summary>
            <param name="writer">An <see cref="T:System.Xml.XmlWriter"/>.</param>
        </member>
        <member name="P:DotNetKml22Library.Overlay.Color">
            <summary>
            Gets or sets the <see cref="T:DotNetKml22Library.Overlay"/> color.
            </summary>
        </member>
        <member name="P:DotNetKml22Library.Overlay.DrawOrder">
            <summary>
            This element defines the stacking order for the images in overlapping 
            overlays.  Overlays with higher DrawOrder values are drawn on top of 
            overlays with lower DrawOrder values.
            </summary>
        </member>
        <member name="P:DotNetKml22Library.Overlay.Icon">
            <summary>
            Defines the image associated with the Overlay. Icon defines the 
            location of the image to be used as the Overlay. This location can 
            be either on a local file system or on a web server. If this element 
            is omitted or contains no Icon, a rectangle is drawn using the 
            color and size defined by the ground or screen overlay.
            </summary>
        </member>
        <member name="T:DotNetKml22Library.Placemark">
            <summary>
            A <see cref="T:DotNetKml22Library.Placemark"/> is a <see cref="T:DotNetKml22Library.Feature"/> with associated 
            <see cref="P:DotNetKml22Library.Placemark.Geometry"/>. In Google Earth, 
            a Placemark appears as a list item in the Places panel. A Placemark 
            with a Point has an icon associated with it that marks a point on the 
            Earth in the 3D viewer. (In the Google Earth 3D viewer, a Point Placemark 
            is the only object you can click or roll over. Other Geometry objects 
            do not have an icon in the 3D viewer. To give the user something to click 
            in the 3D viewer, you would need to create a MultiGeometry object that 
            contains both a Point and the other Geometry object.)
            </summary>
        </member>
        <member name="M:DotNetKml22Library.Placemark.WriteTo(System.Xml.XmlWriter)">
            <summary>
            Writes this object to <paramref name="writer"/>
            </summary>
            <param name="writer">A <see cref="T:System.Xml.XmlWriter"/> to write this object.</param>
        </member>
        <member name="P:DotNetKml22Library.Placemark.MultiGeometry">
            <summary>
            
            </summary>
        </member>
        <member name="T:DotNetKml22Library.Point">
            <summary>
            A geographic location defined by longitude, latitude, and (optional) 
            altitude. When a Point is contained by a Placemark, the point itself 
            determines the position of the Placemark's name and icon. When a Point 
            is extruded, it is connected to the ground with a line. This "tether" 
            uses the current LineStyle.
            </summary>
        </member>
        <!-- Badly formed XML comment ignored for member "M:DotNetKml22Library.Point.#ctor(System.Double,System.Double)" -->
        <!-- Badly formed XML comment ignored for member "M:DotNetKml22Library.Point.#ctor(System.Double,System.Double,System.Double)" -->
        <member name="M:DotNetKml22Library.Point.WriteTo(System.Xml.XmlWriter)">
            <summary>
            Writes this <see cref="T:DotNetKml22Library.Point"/> to <paramref name="writer"/>.
            </summary>
            <param name="writer">A <see cref="T:System.Xml.XmlWriter"/> to write this <see cref="T:DotNetKml22Library.Point"/>.</param>
        </member>
        <member name="M:DotNetKml22Library.Point.ToString">
            <summary>
            Returns a single tuple consisting of floating point values for 
            longitude, latitude, and altitude (in that order).
            </summary>
            <example>-90.86948943473118,48.25450093195546 or -90.86948943473118,48.25450093195546,50</example>
            <returns>A tuple.</returns>
        </member>
        <member name="P:DotNetKml22Library.Point.Extrude">
            <summary>
            Boolean value. Specifies whether to connect the point to the ground 
            with a line. To extrude a Point, the value for <see cref="P:DotNetKml22Library.Point.AltitudeMode"/> 
            must be either relativeToGround, relativeToSeaFloor, or absolute. The 
            point is extruded toward the center of the Earth's sphere.
            </summary>
        </member>
        <member name="P:DotNetKml22Library.Point.AltitudeMode">
            <summary>
            Specifies how altitude components in the coordinates element are interpreted.
            </summary>
        </member>
        <member name="P:DotNetKml22Library.Point.Latitude">
            <summary>
            Gets or sets the <see cref="P:DotNetKml22Library.Point.Latitude"/> in degrees.
            </summary>
        </member>
        <member name="P:DotNetKml22Library.Point.Longitude">
            <summary>
            Gets or sets the <see cref="P:DotNetKml22Library.Point.Longitude"/> in degrees.
            </summary>
        </member>
        <member name="P:DotNetKml22Library.Point.Altitude">
            <summary>
            Gets or sets the <see cref="P:DotNetKml22Library.Point.Altitude"/> values (optional) are in 
            meters above sea level
            </summary>
        </member>
        <member name="P:DotNetKml22Library.Polygon.Extrude">
            <summary>
            Boolean value. Specifies whether to connect the Polygon to the ground. To extrude a Polygon, the altitude mode must be either relativeToGround, relativeToSeaFloor, or absolute. Only the vertices are extruded, not the geometry itself (for example, a rectangle turns into a box with five faces. The vertices of the Polygon are extruded toward the center of the Earth's sphere.
            </summary>
        </member>
        <member name="P:DotNetKml22Library.Polygon.Tessellate">
            <summary>
            This field is not used by Polygon. To allow a Polygon to follow the terrain (that is, to enable tessellation) specify an altitude mode of clampToGround or clampToSeaFloor.
            </summary>
        </member>
        <member name="T:DotNetKml22Library.RefreshMode">
            <summary>
            Specifies a time-based refresh mode.
            </summary>
        </member>
        <member name="F:DotNetKml22Library.RefreshMode.OnChange">
            <summary>
            Refresh when the file is loaded and whenever the Link parameters change (the default).
            </summary>
        </member>
        <member name="F:DotNetKml22Library.RefreshMode.OnInterval">
            <summary>
            Refresh every n seconds (specified in <see cref="!:RefreshInterval"/>).
            </summary>
        </member>
        <member name="F:DotNetKml22Library.RefreshMode.OnExpire">
            <summary>
             Refresh the file when the expiration time is reached. If a fetched file 
             has a NetworkLinkControl, the (expires) time takes precedence over expiration 
             times specified in HTTP headers. If no (expires) time is specified, 
             the HTTP max-age header is used (if present). If max-age is not 
             present, the Expires HTTP header is used (if present).
            </summary>
        </member>
        <member name="T:DotNetKml22Library.Region">
            <summary>
            A region contains a bounding box (<see cref="P:DotNetKml22Library.Region.LatLonAltBox"/>) that describes an area of interest defined by geographic coordinates and altitudes. In addition, a Region contains an LOD (level of detail) extent (<see cref="P:DotNetKml22Library.Region.Lod"/>) that defines a validity range of the associated Region in terms of projected screen size. A Region is said to be "active" when the bounding box is within the user's view and the LOD requirements are met. Objects associated with a Region are drawn only when the Region is active. When the <see cref="T:DotNetKml22Library.ViewRefreshMode"/> is onRegion, the Link or Icon is loaded only when the Region is active.
            </summary>
        </member>
        <member name="M:DotNetKml22Library.Region.WriteTo(System.Xml.XmlWriter)">
            <!-- Failed to insert some or all of included XML --><include file="Documentation.xml" path="MyDocs/MyMembers[@name=&quot;WriteTo&quot;]/*"/>
        </member>
        <member name="P:DotNetKml22Library.Region.LatLonAltBox">
            <summary>
            A bounding box that describes an area of interest defined by geographic coordinates and altitudes.
            </summary>
        </member>
        <!-- Badly formed XML comment ignored for member "T:DotNetKml22Library.ScreenOverlay" -->
        <member name="M:DotNetKml22Library.ScreenOverlay.WriteTo(System.Xml.XmlWriter)">
            <summary>
            Writes this <see cref="T:DotNetKml22Library.ScreenOverlay"/> to <paramref name="writer"/>.
            </summary>
            <param name="writer">The <see cref="T:System.Xml.XmlWriter"/> to write this object.</param>
        </member>
        <member name="P:DotNetKml22Library.ScreenOverlay.OverlayXY">
            <summary>
            Specifies a point on (or outside of) the overlay image that is mapped to the screen coordinate.
            </summary>
        </member>
        <member name="P:DotNetKml22Library.ScreenOverlay.ScreenXY">
            <summary>
            Specifies a point relative to the screen origin that the overlay image is mapped to.
            </summary>
        </member>
        <member name="P:DotNetKml22Library.ScreenOverlay.RotationXY">
            <summary>
            Point relative to the screen about which the screen overlay is rotated.
            </summary>
        </member>
        <member name="P:DotNetKml22Library.ScreenOverlay.Size">
            <summary>
            Specifies the size of the image for the screen overlay.
            </summary>
        </member>
        <member name="P:DotNetKml22Library.ScreenOverlay.Rotation">
            <summary>
            Indicates the angle of rotation of the parent object. A value of 
            0 means no rotation. The value is an angle in degrees counterclockwise 
            starting from north. Use ±180 to indicate the rotation of the parent 
            object from 0. The center of the <see cref="P:DotNetKml22Library.ScreenOverlay.Rotation"/>, if not (.5,.5), 
            is specified in <see cref="P:DotNetKml22Library.ScreenOverlay.RotationXY"/>.
            </summary>
        </member>
        <member name="T:DotNetKml22Library.Style">
            <summary>
            A <see cref="T:DotNetKml22Library.Style"/> defines an addressable style group that can be referenced 
            by StyleMaps and <see cref="T:DotNetKml22Library.Feature"/>s. <see cref="T:DotNetKml22Library.Style"/>s affect how Geometry is presented 
            in the 3D viewer and how Features appear in the Places panel of the 
            List view. Shared styles are collected in a <see cref="T:DotNetKml22Library.Document"/> and must have an 
            id defined for them so that they can be referenced by the individual 
            Features that use them.
            
            Use an id to refer to the style from a <see cref="!:StyleUrl"/>.
            </summary>
        </member>
        <member name="T:DotNetKml22Library.StyleSelector">
            <summary>
            This is an abstract element and cannot be used directly in a 
            KML file. It is the base type for the Style and StyleMap elements. 
            The StyleMap element selects a style based on the current mode 
            of the Placemark. An element derived from StyleSelector is uniquely 
            identified by its id and its url.
            </summary>
        </member>
        <member name="T:DotNetKml22Library.TimePrimative">
            <summary>
            This is an abstract element and cannot be used directly in a KML file. This 
            element is extended by the <see cref="T:DotNetKml22Library.TimeSpan"/> and <see cref="T:DotNetKml22Library.TimeStamp"/> elements.
            </summary>
        </member>
        <member name="T:DotNetKml22Library.TimeSpan">
            <summary>
            Represents an extent in time bounded by begin and end dateTimes.
            </summary>
        </member>
        <member name="P:DotNetKml22Library.TimeSpan.Begin">
            <summary>
            Describes the beginning instant of a time period. If absent, the beginning of the period is unbounded.
            </summary>
        </member>
        <member name="P:DotNetKml22Library.TimeSpan.End">
            <summary>
            Describes the ending instant of a time period. If absent, the end of the period is unbounded.
            </summary>
        </member>
        <member name="T:DotNetKml22Library.TimeStamp">
            <summary>
            Represents a single moment in time. This is a simple element and contains no children. 
            Its value is a dateTime, specified in XML time (see XML Schema Part 2: Datatypes Second Edition). 
            The precision of the TimeStamp is dictated by the dateTime value in the <see cref="P:DotNetKml22Library.TimeStamp.When"/> element.
            </summary>
        </member>
        <member name="P:DotNetKml22Library.TimeStamp.When">
            <summary>
            Specifies a single moment in time.
            </summary>
        </member>
        <member name="P:DotNetKml22Library.TimeStamp.Format">
            <summary>
            Specifies a single moment in time. The value is a dateTime.
            </summary>
        </member>
        <member name="F:DotNetKml22Library.Format.DateTime">
            <summary>
            YYYY-MM-DDThh:mm:ssZ
            </summary>
        </member>
        <member name="F:DotNetKml22Library.Format.Year">
            <summary>
            YYYY
            </summary>
        </member>
        <member name="F:DotNetKml22Library.Format.YearMonth">
            <summary>
            YYYY-MM
            </summary>
        </member>
        <member name="F:DotNetKml22Library.Format.Date">
            <summary>
            YYYY-MM-DD
            </summary>
        </member>
        <member name="T:DotNetKml22Library.Units">
            <summary>
            Units used by <see cref="T:DotNetKml22Library.Vec2"/>.
            </summary>
        </member>
        <member name="F:DotNetKml22Library.Units.Fraction">
            <summary>
            Indicates the value is a fraction of the image.
            </summary>
        </member>
        <member name="F:DotNetKml22Library.Units.Pixels">
            <summary>
             Indicates the value in pixels.
            </summary>
        </member>
        <member name="F:DotNetKml22Library.Units.InsetPixels">
            <summary>
            Indicates the indent for the image.
            </summary>
        </member>
        <member name="T:DotNetKml22Library.ViewRefreshMode">
            <summary>
            Specifies how the link is refreshed when the <see cref="T:DotNetKml22Library.Camera"/> changes.
            </summary>
        </member>
        <member name="F:DotNetKml22Library.ViewRefreshMode.Never">
            <summary>
            (default) - Ignore changes in the view. Also ignore <see cref="!:ViewFormat"/> 
            parameters, if any
            </summary>
        </member>
        <member name="F:DotNetKml22Library.ViewRefreshMode.OnStop">
            <summary>
            Refresh the file n seconds after movement stops, where n is specified 
            in <see cref="!:ViewRefreshTime"/>.
            </summary>
        </member>
        <member name="F:DotNetKml22Library.ViewRefreshMode.OnRequest">
            <summary>
             Refresh the file only when the user explicitly requests it. 
             (For example, in Google Earth, the user right-clicks and selects 
             Refresh in the Context menu.)
            </summary>
        </member>
        <member name="F:DotNetKml22Library.ViewRefreshMode.OnRegion">
            <summary>
            Refresh the file when the Region becomes active.
            </summary>
        </member>
    </members>
</doc>
